{"cameraMode":{"drawMode":0,"name":"Shaded","section":"Shading Mode"},"sceneLighting":true,"audioPlay":false,"sceneViewState":{"m_AlwaysRefresh":false,"showFog":true,"showSkybox":true,"showFlares":true,"showImageEffects":true,"showParticleSystems":true,"showVisualEffectGraphs":true,"m_FxEnabled":true},"in2DMode":false,"pivot":{"x":17.899803161621095,"y":0.13665302097797395,"z":0.6301531791687012},"rotation":{"x":-0.07031172513961792,"y":-0.701522707939148,"z":0.06990525871515274,"w":-0.7057396769523621},"size":9.823012351989746,"orthographic":false}